{
    "kind": "struct",
    "name": "cuckoo",
    "deprecated": "true",
    "attributes": [
        {
            "kind": "struct",
            "name": "signature",
            "attributes": [
                {
                    "kind": "function",
                    "name": "name",
                    "return_type": "i",
                    "overloads": [
                        {
                            "arguments": [
                                {
                                    "type": "r"
                                }
                            ],
                            "documentation": "Deprecated function."
                        }
                    ]
                }
            ]
        }
    ]
}
